brand_name,vomela_name
8321 Champagne,Canyon Frost PN7224
8328 Beige,8328 Beige PN732
8342 Taupe,88342 Taupe PN7327
8316 Key Gray,Noble Silver PN7293
8333 Oxford Gray,Gray PN7336
8027 Gray,Gray PN7336
8358 Cream,Vanilla Bean PN7356
4570 Oyster White,Oyster PN7294
8326 Clay,Clay PN7355
8016 G3-PW,White P3451 / VSC15535
PW 4000,Sky White PN7238
T60 PW 975,Arctic White PN5941
T60 Champagne,Canyon Frost PN7224
T60 Cream 4733,Vanilla Bean PN7359
8447 Beige Brown,Khaki Tan PN7333
8090 Sunnybrook White,Sky White PN7238
8211 Polar White,Bright White PN5471
8016 Polar White,Sky White PN7238
T60 1290 Doeskin,Khaki PN7157
T85 456 Silver,Noble Silver PN7293
E85 556 White,Sky White PN7238
E85 2808 Aztec Gray,Aztec Grey PN7389
Optiplan Champagne HG HT,Canyon Frost PN7224
Optiplan Tan,Canyon Frost PN7224
Optiplan Arctic White HG HT,White P3451 / VSC15535
Optiplan Sterling Gray HG HT,Noble Silver PN7293
Optiplan Alloy Metallic PP,Flannel Grey Metallic PN7071
